[{
  "_id": {
    "$oid": "620e172ede5dc61e646c865e"
  },
  "name": "shalem",
  "id": 1,
  "age": 21,
  "salary": 26000,
  "__v": 0
},{
  "_id": {
    "$oid": "620e173fde5dc61e646c8660"
  },
  "name": "siva",
  "id": 2,
  "age": 21,
  "salary": 26000,
  "__v": 0
},{
  "_id": {
    "$oid": "620e1902de5dc61e646c8664"
  },
  "name": "Manohar",
  "id": 3,
  "age": 21,
  "salary": 26000,
  "__v": 0
},{
  "_id": {
    "$oid": "620e1995de5dc61e646c8666"
  },
  "name": "Suraj",
  "id": 4,
  "age": 21,
  "salary": 27000,
  "__v": 0
},{
  "_id": {
    "$oid": "620e1aa4de5dc61e646c866a"
  },
  "name": "sudeepthi",
  "id": 5,
  "age": 21,
  "salary": 30000,
  "__v": 0
},{
  "_id": {
    "$oid": "620e1b02de5dc61e646c866c"
  },
  "name": "Mounika marimuthu",
  "id": 6,
  "age": 21,
  "salary": 30000,
  "__v": 0
},{
  "_id": {
    "$oid": "620e1b18de5dc61e646c866e"
  },
  "name": "Vasu",
  "id": 7,
  "age": 21,
  "salary": 40000,
  "__v": 0
},{
  "_id": {
    "$oid": "620e1b25de5dc61e646c8670"
  },
  "name": "Dinesh",
  "id": 8,
  "age": 21,
  "salary": 40000,
  "__v": 0
},{
  "_id": {
    "$oid": "620e1b3ade5dc61e646c8672"
  },
  "name": "sachin",
  "id": 9,
  "age": 21,
  "salary": 40000,
  "__v": 0
},{
  "_id": {
    "$oid": "620e1b6cde5dc61e646c8674"
  },
  "name": "aditya",
  "id": 10,
  "age": 21,
  "salary": 50000,
  "__v": 0
},{
  "_id": {
    "$oid": "620e1b83de5dc61e646c8676"
  },
  "name": "prashanthi",
  "id": 11,
  "age": 21,
  "salary": 50000,
  "__v": 0
},{
  "_id": {
    "$oid": "620e1bacde5dc61e646c8678"
  },
  "name": "Kacha Badam",
  "id": 12,
  "age": 21,
  "salary": 50000,
  "__v": 0
},{
  "_id": {
    "$oid": "620e1beede5dc61e646c867a"
  },
  "name": "shamili",
  "id": 13,
  "age": 21,
  "salary": 50000,
  "__v": 0
},{
  "_id": {
    "$oid": "620e1c2ade5dc61e646c867c"
  },
  "name": "philipson",
  "id": 14,
  "age": 21,
  "salary": 50000,
  "__v": 0
},{
  "_id": {
    "$oid": "620e1c39de5dc61e646c867e"
  },
  "name": "kingston",
  "id": 15,
  "age": 21,
  "salary": 50000,
  "__v": 0
},{
  "_id": {
    "$oid": "620e2a05de5dc61e646c86cc"
  },
  "name": "uday",
  "id": 16,
  "age": 21,
  "salary": 55000,
  "__v": 0
},{
  "_id": {
    "$oid": "620e2a1ade5dc61e646c86ce"
  },
  "name": "prakash",
  "id": 17,
  "age": 21,
  "salary": 56000,
  "__v": 0
},{
  "_id": {
    "$oid": "620e2a2dde5dc61e646c86d0"
  },
  "name": "rahul",
  "id": 18,
  "age": 21,
  "salary": 56000,
  "__v": 0
},{
  "_id": {
    "$oid": "620e2a3ede5dc61e646c86d2"
  },
  "name": "abhiram",
  "id": 19,
  "age": 21,
  "salary": 56000,
  "__v": 0
},{
  "_id": {
    "$oid": "620e2b12de5dc61e646c86d6"
  },
  "name": "abhishek",
  "id": 20,
  "age": 21,
  "salary": 58000,
  "__v": 0
}]